{"_wandb":{"runtime":91471},"_runtime":91471.926947501,"_step":2805,"train/loss":0.05794128030538559,"train/lr(1e-3)":0,"_timestamp":1.7743555445359435e+09,"val/loss":0.05896800383925438}