{"train/lr(1e-3)":0.005952380952380953,"_timestamp":1.7763313011667523e+09,"_wandb":{"runtime":2512},"_runtime":2512.994518915,"_step":100,"train/loss":0.1923975646495819}