{"_runtime":1135.840394118,"_step":46,"train/loss":0.13129568099975586,"train/lr(1e-3)":0.0016428571428571432,"_timestamp":1.7742493285050523e+09,"_wandb":{"runtime":1135}}