{"_wandb":{"runtime":83061},"_runtime":83061.152007521,"train/lr(1e-3)":0,"_timestamp":1.7752943536116402e+09,"_step":2805,"train/loss":0.0801316499710083,"val/loss":0.07184997200965881}