{"val-core/c2rust/reward/best@3/std":0.23370034904730094,"_step":0,"val-aux/c2rust/reward/worst@2/mean":-0.08991593931615352,"val-aux/c2rust/reward/worst@3/std":0.39257405922312666,"val-core/c2rust/reward/mean@3":0.18199783563613892,"val-aux/c2rust/reward/std@2":0.09259700030088425,"val-aux/c2rust/reward/worst@2/std":0.2648821564711632,"_runtime":452.423158356,"_wandb":{"runtime":452},"val-aux/c2rust/reward/worst@3/mean":-0.21572488963603972,"val-aux/c2rust/reward/mean@1":0.211460735345796,"val-aux/c2rust/reward/std@3":0.4706597427318799,"_timestamp":1.7746108113259497e+09,"val-aux/c2rust/reward/mean@2":-0.05292300134897232,"val-core/c2rust/reward/best@3/mean":0.5348927435278893,"val-aux/c2rust/reward/best@2/mean":0.2102487639337778,"val-aux/c2rust/reward/best@2/std":0.21271438854464972}