{"train/lr(1e-3)":0,"_timestamp":1.7756505871285815e+09,"_step":1686,"train/loss":0.01827969402074814,"val/loss":0.02311139926314354,"_wandb":{"runtime":22608},"_runtime":22608.007010802}