{"global_seqlen/max":94954,"prompt_length/mean":1067.5,"timing_s/gen":83.49108086526394,"critic/returns/min":-0.7071062922477722,"critic/advantages/max":0.7071062922477722,"val-aux/c2rust/reward/mean@2":-1,"_step":70,"training/epoch":0,"global_seqlen/balanced_max":92871,"response_length/clip_ratio":0.078125,"timing_s/adv":0.013103427365422249,"val-aux/c2rust/reward/best@2/std":0.04944936509708377,"actor/pg_loss":-0.017534775659441948,"training/global_step":70,"global_seqlen/min":90144,"response_length/max":4096,"val-core/c2rust/reward/best@3/std":0.09018735515791712,"timing_s/old_log_prob":11.76591913215816,"critic/score/mean":0.26249998807907104,"timing_per_token_ms/update_actor":0.24863338092958823,"actor/ppo_kl":-0.00514732365263626,"response_length/mean":1824.65625,"val-aux/c2rust/reward/std@2":0,"critic/returns/max":0.7071062922477722,"timing_s/testing":233.5930405948311,"timing_s/reward":23.818588661029935,"timing_s/generate_sequences":76.81028747558594,"val-aux/c2rust/reward/worst@3/mean":0.6072000234127045,"critic/rewards/min":-1,"perf/throughput":232.11082927613035,"perf/total_num_tokens":185098,"val-aux/c2rust/reward/worst@3/std":0.037258017050273054,"timing_s/update_actor":46.02154154330492,"critic/rewards/mean":0.26249998807907104,"critic/returns/mean":0.006587903015315533,"_wandb":{"runtime":25568},"timing_s/step":398.727626318112,"timing_per_token_ms/adv":7.079183656993727e-05,"timing_s/save_checkpoint":59.872511299327016,"timing_s/reshard":4.296632766723633,"actor/lr":2e-05,"_timestamp":1.7743869326671443e+09,"perf/max_memory_allocated_gb":58.44590997695923,"perf/cpu_memory_used_gb":49.964908599853516,"critic/rewards/max":1,"actor/entropy":26.985483169555664,"val-aux/c2rust/reward/mean@1":0.3783050891201375,"val-aux/c2rust/reward/std@3":0.09428089853862653,"global_seqlen/mean":92549,"val-aux/c2rust/reward/best@2/mean":-0.14259999150037767,"global_seqlen/minmax_diff":4810,"perf/time_per_step":398.727626318112,"response_length/min":494,"prompt_length/clip_ratio":0,"prompt_length/max":1306,"critic/advantages/mean":0.006587903015315533,"perf/mfu/actor":0.3191057830824627,"global_seqlen/balanced_min":92227,"val-core/c2rust/reward/best@3/mean":0.7432000153064727,"actor/pg_clipfrac_lower":1.5065686056914274e-05,"prompt_length/min":943,"_runtime":25568.886223316,"critic/advantages/min":-0.7071062922477722,"actor/pg_clipfrac":0.006725062659825198,"actor/grad_norm":0.23826485499739647,"timing_per_token_ms/gen":0.7149555641068004,"perf/max_memory_reserved_gb":60.30078125,"val-core/c2rust/reward/mean@3":0.6666666865348816,"val-aux/c2rust/reward/worst@2/std":0.031902192380379585,"critic/score/min":-1,"val-aux/c2rust/reward/worst@2/mean":-0.18849998876452445,"critic/score/max":1}