{"response_length/max":415,"val-core/c2rust/reward/best@2/mean":1,"perf/cpu_memory_used_gb":30.23528289794922,"prompt_length/clip_ratio":0,"response_length/mean":234.28125,"val-aux/c2rust/reward/worst@2/mean":1,"perf/time_per_step":260.96291200537235,"critic/returns/min":-0.7071057558059692,"critic/returns/mean":0.0033483069855719805,"timing_s/generate_sequences":7.511763572692871,"response_length/clip_ratio":0,"global_seqlen/balanced_max":18077,"timing_s/update_actor":16.4252857202664,"critic/advantages/min":-0.7071057558059692,"global_seqlen/max":18264,"critic/score/max":1,"global_seqlen/balanced_min":18077,"val-aux/c2rust/reward/worst@2/std":0,"timing_per_token_ms/gen":1.0257263262159262,"global_seqlen/mean":18077,"prompt_length/min":221,"actor/lr":2e-05,"_runtime":1197.448933973,"_wandb":{"runtime":1197},"response_length/min":135,"actor/entropy":0.26281851530075073,"timing_s/adv":0.014642058871686459,"global_seqlen/minmax_diff":374,"prompt_length/mean":330.625,"actor/pg_loss":0.004408016800880432,"val-core/c2rust/reward/mean@2":1,"prompt_length/max":480,"timing_s/testing":187.4271925529465,"critic/advantages/mean":0.0033483069855719805,"val-core/c2rust/reward/best@2/std":0,"val-aux/c2rust/reward/std@2":0,"perf/mfu/actor":0.1641181452088264,"training/epoch":0,"actor/pg_clipfrac_lower":0,"actor/ppo_kl":0.00014706075307913125,"actor/grad_norm":0.022670065984129906,"perf/max_memory_reserved_gb":60.26953125,"val-aux/c2rust/reward/mean@1":0.9893992932862191,"actor/pg_clipfrac":0,"critic/rewards/min":0,"timing_s/gen":15.379740535281599,"_step":3,"perf/max_memory_allocated_gb":58.39474582672119,"timing_per_token_ms/adv":0.0004049913943598622,"critic/score/min":0,"critic/score/mean":0.921875,"training/global_step":3,"timing_s/old_log_prob":3.7383815990760922,"critic/rewards/max":1,"timing_s/reshard":4.822226524353027,"perf/total_num_tokens":36154,"_timestamp":1.773840791083866e+09,"critic/returns/max":0.7071057558059692,"critic/rewards/mean":0.921875,"timing_per_token_ms/update_actor":0.4543144802861758,"timing_s/reward":37.96080383006483,"timing_s/step":260.96291200537235,"critic/advantages/max":0.7071057558059692,"global_seqlen/min":17890,"perf/throughput":69.27037969145537}