{"train/loss":0.029858166351914406,"train/lr(1e-3)":0,"val/loss":0.029666466638445854,"_wandb":{"runtime":46995},"_runtime":46995.774310487,"_timestamp":1.7757691229442868e+09,"_step":1870}