{"_wandb":{"runtime":55038},"_runtime":55038.310186008,"train/lr(1e-3)":0,"_timestamp":1.7762049491451604e+09,"_step":1686,"train/loss":0.04486465826630592,"val/loss":0.062210485339164734}