{"_runtime":49065.159532105,"train/loss":0.07057473808526993,"train/lr(1e-3)":0,"_timestamp":1.7762925917472954e+09,"_step":1686,"val/loss":0.0661993995308876,"_wandb":{"runtime":49065}}