{"_step":16,"perf/throughput":69.14658961803782,"global_seqlen/max":18415,"timing_s/save_checkpoint":33.17449959553778,"actor/grad_norm":0.018784863874316216,"actor/pg_loss":0.02360745519399643,"timing_s/testing":187.46353372652084,"timing_s/gen":14.12928454298526,"perf/max_memory_allocated_gb":58.39474582672119,"critic/returns/mean":0.0006619500927627087,"training/global_step":16,"critic/score/min":0,"timing_s/reshard":4.494791030883789,"global_seqlen/minmax_diff":975,"critic/score/max":1,"timing_s/adv":0.014494157396256924,"global_seqlen/mean":17927.5,"critic/returns/min":-0.7071057558059692,"val-aux/c2rust/reward/mean@1":0.9893992932862191,"_runtime":4598.657792912,"critic/returns/max":0.7071057558059692,"global_seqlen/balanced_min":17927,"critic/advantages/min":-0.7071057558059692,"response_length/mean":233.671875,"prompt_length/min":230,"perf/cpu_memory_used_gb":31.736469268798828,"critic/rewards/mean":0.90625,"response_length/clip_ratio":0,"val-core/c2rust/reward/best@2/mean":1,"actor/pg_clipfrac_lower":0,"response_length/max":360,"timing_s/update_actor":16.824288996867836,"_timestamp":1.7739040025243323e+09,"timing_per_token_ms/gen":0.9447866628542467,"critic/rewards/max":1,"perf/time_per_step":259.2680289661512,"prompt_length/max":530,"perf/max_memory_reserved_gb":60.26953125,"val-core/c2rust/reward/best@2/std":0,"timing_s/generate_sequences":6.876285552978516,"perf/mfu/actor":0.1588941026844166,"timing_per_token_ms/adv":0.0004042436869685378,"val-aux/c2rust/reward/std@2":0,"critic/advantages/max":0.7071057558059692,"global_seqlen/min":17440,"prompt_length/clip_ratio":0,"perf/total_num_tokens":35855,"timing_s/reward":37.109928763471544,"critic/score/mean":0.90625,"val-aux/c2rust/reward/worst@2/mean":1,"actor/lr":2e-05,"global_seqlen/balanced_max":17928,"response_length/min":135,"critic/advantages/mean":0.0006619500927627087,"timing_s/step":259.2680289661512,"actor/ppo_kl":-4.10047127843427e-05,"timing_per_token_ms/update_actor":0.469231320509492,"val-core/c2rust/reward/mean@2":1,"actor/pg_clipfrac":0.00013927576947025955,"critic/rewards/min":0,"_wandb":{"runtime":4598},"timing_s/old_log_prob":3.712320596911013,"val-aux/c2rust/reward/worst@2/std":0,"actor/entropy":0.23452544212341309,"training/epoch":0,"prompt_length/mean":326.5625}