{"val/loss":0.03974316641688347,"_wandb":{"runtime":5780},"_runtime":5780.690260772,"train/lr(1e-3)":0.0071428571428571435,"_timestamp":1.7744204218084338e+09,"_step":200,"train/loss":0.02678430639207363}