{"_wandb":{"runtime":88425},"_runtime":88425.751125995,"_timestamp":1.7745103323408837e+09,"_step":2805,"train/loss":0.012059629894793034,"train/lr(1e-3)":0,"val/loss":0.02461831457912922}