{"train/lr(1e-3)":0.00016042780748663104,"_timestamp":1.7742481575467484e+09,"_step":9,"_wandb":{"runtime":133},"_runtime":133.836937044,"train/loss":0.1587246060371399}