{"_step":1686,"val/loss":0.08662280440330505,"_wandb":{"runtime":22833},"_runtime":22833.596798243,"train/loss":0.09197621047496796,"train/lr(1e-3)":0,"_timestamp":1.7755948001259348e+09}