{"_runtime":71937.741652016,"_step":2805,"train/loss":0.07889571040868759,"train/lr(1e-3)":0,"_timestamp":1.77459468338504e+09,"val/loss":0.07380646467208862,"_wandb":{"runtime":71937}}