{"_wandb":{"runtime":326},"_runtime":326.694005286,"_timestamp":1.774100595139328e+09,"_step":23,"train/loss":2.060335159301758,"train/lr(1e-3)":0.0032394366197183106}