{"timing_s/old_log_prob":4.566547109745443,"actor/entropy":0.18984709680080414,"actor/ppo_kl":1.5150089893722907e-05,"critic/returns/min":-0.7071057558059692,"response_length/mean":230.359375,"critic/rewards/min":0,"global_seqlen/max":18016,"critic/score/max":1,"perf/cpu_memory_used_gb":31.952316284179688,"response_length/clip_ratio":0,"prompt_length/max":471,"actor/pg_loss":0.12307511270046234,"timing_per_token_ms/adv":0.0003273981743030567,"critic/rewards/max":1,"timing_s/gen":14.435343187302351,"critic/returns/max":0.7071057558059692,"global_seqlen/balanced_min":17567,"perf/time_per_step":282.731641350314,"timing_per_token_ms/gen":0.9791320075495049,"val-aux/c2rust/reward/worst@2/mean":1,"timing_s/generate_sequences":6.958937644958496,"global_seqlen/balanced_max":17568,"timing_s/step":282.731641350314,"critic/returns/mean":-0.0008153561502695084,"perf/mfu/actor":0.1464588510502571,"global_seqlen/mean":17567.5,"critic/score/min":0,"prompt_length/clip_ratio":0,"critic/advantages/min":-0.7071057558059692,"prompt_length/mean":318.625,"val-aux/c2rust/reward/mean@1":0.9893992932862191,"timing_s/testing":189.1129647884518,"prompt_length/min":219,"actor/grad_norm":0.03244516206905246,"training/global_step":1,"val-aux/c2rust/reward/std@2":0,"critic/score/mean":0.921875,"timing_s/reshard":5.045103073120117,"perf/max_memory_allocated_gb":58.39474582672119,"timing_per_token_ms/update_actor":0.5083898554199685,"val-core/c2rust/reward/mean@2":1,"actor/lr":2e-05,"_step":1,"actor/pg_clipfrac":0,"_runtime":611.234815923,"global_seqlen/minmax_diff":897,"_timestamp":1.7739058085384448e+09,"_wandb":{"runtime":611},"val-core/c2rust/reward/best@2/std":0,"response_length/min":133,"timing_s/reward":56.73329964838922,"perf/throughput":62.13489199899376,"critic/advantages/max":0.7071057558059692,"perf/total_num_tokens":35135,"training/epoch":0,"timing_s/update_actor":17.862277570180595,"response_length/max":361,"global_seqlen/min":17119,"val-aux/c2rust/reward/worst@2/std":0,"timing_s/adv":0.011503134854137897,"val-core/c2rust/reward/best@2/mean":1,"critic/advantages/mean":-0.0008153561502695084,"perf/max_memory_reserved_gb":60.26953125,"critic/rewards/mean":0.921875,"actor/pg_clipfrac_lower":0}