{"train/loss":0.018679330125451088,"train/lr(1e-3)":0,"val/loss":0.026962056756019592,"_wandb":{"runtime":62088},"_runtime":62088.336704698,"_timestamp":1.776127630233935e+09,"_step":1870}