{"_step":2805,"train/loss":0.018214838579297066,"train/lr(1e-3)":0,"_timestamp":1.7753752865144699e+09,"val/loss":0.02421584352850914,"_wandb":{"runtime":80607},"_runtime":80607.195262073}