{"_timestamp":1.7759811210268352e+09,"_step":1,"_wandb":{"runtime":20},"_runtime":20.899698463,"train/loss":0.20604512095451355,"train/lr(1e-3)":2.67379679144385e-05}