{"_runtime":14672.46166572,"_step":495,"train/loss":0.07044163346290588,"train/lr(1e-3)":0.009822170986951604,"_timestamp":1.7742640718515737e+09,"val/loss":0.06893157958984375,"_wandb":{"runtime":14672}}