{"_timestamp":1.775981294906991e+09,"_step":3,"_wandb":{"runtime":49},"_runtime":49.813679314,"train/loss":0.24090613424777985,"train/lr(1e-3)":8.021390374331552e-05}