{"_runtime":81035.436336218,"train/loss":0.018403856083750725,"train/lr(1e-3)":0,"_timestamp":1.7755454690096512e+09,"_step":2805,"val/loss":0.02418799139559269,"_wandb":{"runtime":81035}}