{"val/loss":0.0288360808044672,"_wandb":{"runtime":70750},"_runtime":70750.657731138,"train/loss":0.021481487900018692,"train/lr(1e-3)":0,"_timestamp":1.7745817455527744e+09,"_step":2805}