{"train/lr(1e-3)":5.3475935828877e-05,"_timestamp":1.775980990769807e+09,"_wandb":{"runtime":37},"_runtime":37.608014756,"_step":1,"train/loss":0.19740183651447296}