{"_step":5,"actor/grad_norm":0.37548828125,"val-core/c2rust/reward/best@3/std":0.3747570509010095,"val-aux/c2rust/reward/worst@3/std":0.5085916267753945,"_timestamp":1.7746125913717496e+09,"timing_s/update_actor":51.88138721510768,"_wandb":{"runtime":1438},"val-aux/c2rust/reward/best@2/std":0.4684162590102787,"timing_per_token_ms/gen":0.08518805888372231,"global_seqlen/balanced_max":244178,"actor/ppo_kl":-9.632369369683147e-06,"prompt_length/min":976,"perf/mfu/actor":0.33485802191822645,"global_seqlen/max":250986,"val-aux/c2rust/reward/worst@2/std":0.5150927684388587,"prompt_length/mean":1071.0625,"timing_s/generate_sequences":28.97609519958496,"critic/rewards/max":1,"training/global_step":5,"training/epoch":0,"actor/pg_clipfrac":0.0004385531574371271,"actor/pg_loss":0.00928463856689632,"timing_s/gen":36.48817532137036,"timing_per_token_ms/adv":6.046650259688031e-05,"perf/throughput":1095.017069638966,"_runtime":1438.518133208,"timing_per_token_ms/update_actor":0.053118571872592224,"global_seqlen/balanced_min":244177,"val-aux/c2rust/reward/worst@2/mean":-0.6297999986410141,"critic/returns/mean":-0.04903223738074303,"val-core/c2rust/reward/best@3/mean":0.38460001671314237,"perf/max_memory_allocated_gb":47.17467784881592,"critic/score/min":-1,"response_length/min":557,"val-aux/c2rust/reward/std@2":0.5,"critic/score/max":1,"global_seqlen/min":236750,"actor/entropy":0.2066231667995453,"perf/max_memory_reserved_gb":58.00390625,"val-aux/c2rust/reward/mean@1":-0.056271184602026215,"response_length/mean":836.572265625,"critic/returns/max":2.1221814155578613,"timing_s/adv":0.059058177284896374,"timing_s/old_log_prob":12.532008307985961,"actor/lr":1e-06,"val-aux/c2rust/reward/std@3":0.6599663379382127,"critic/advantages/mean":-0.04903223738074303,"prompt_length/clip_ratio":0,"global_seqlen/minmax_diff":14236,"critic/advantages/max":2.1221814155578613,"prompt_length/max":1296,"critic/rewards/mean":-0.07695312052965164,"val-core/c2rust/reward/mean@3":-0.13333332538604736,"perf/cpu_memory_used_gb":29.11334991455078,"response_length/clip_ratio":0.001953125,"val-aux/c2rust/reward/worst@3/mean":-0.6883999989032745,"critic/score/mean":-0.07695312052965164,"timing_s/reshard":1.9380089044570923,"critic/returns/min":-3.1328353881835938,"val-aux/c2rust/reward/best@2/mean":-0.008999993503093731,"critic/rewards/min":-1,"timing_s/step":222.98944625630975,"perf/total_num_tokens":976709,"val-aux/c2rust/reward/mean@2":-0.5,"perf/time_per_step":222.98944625630975,"actor/pg_clipfrac_lower":0,"timing_s/reward":121.97731042187661,"critic/advantages/min":-3.1328353881835938,"global_seqlen/mean":244177.25,"response_length/max":2048}