{"val/loss":1.2646064758300781,"_wandb":{"runtime":9923},"_runtime":9923.925081289,"_step":711,"train/loss":1.2316551208496094,"train/lr(1e-3)":0,"_timestamp":1.7741105198297892e+09}