{"train/lr(1e-3)":0,"_timestamp":1.7765763230622532e+09,"val/loss":0.02448631078004837,"_wandb":{"runtime":57152},"_runtime":57152.528325406,"_step":1870,"train/loss":0.021990500390529633}