{"critic/score/min":-0.5,"critic/advantages/min":-2.4138762950897217,"perf/total_num_tokens":380634,"global_seqlen/min":93266,"critic/rewards/max":0.854946494102478,"response_length/max":934,"critic/score/max":0.854946494102478,"perf/cpu_memory_used_gb":36.58526611328125,"response_length/min":2,"critic/score/mean":0.25425833463668823,"perf/max_memory_allocated_gb":44.70979452133179,"global_seqlen/balanced_max":95159,"val-aux/c2rust/reward/mean@2":0.039673998951911926,"timing_s/reshard":2.0638208389282227,"timing_s/step":169.6145497718826,"global_seqlen/balanced_min":95158,"timing_s/gen":16.41250685416162,"val-aux/c2rust/reward/std@3":0.46849325633067407,"perf/time_per_step":169.6145497718826,"perf/mfu/actor":0.2654197694969757,"critic/rewards/min":-0.5,"timing_s/adv":0.031510867178440094,"timing_per_token_ms/adv":8.278521408607768e-05,"prompt_length/min":961,"timing_per_token_ms/gen":0.14723170294563415,"actor/ppo_kl":-8.622262430435512e-05,"actor/pg_clipfrac_lower":0,"actor/entropy":0.2854319214820862,"critic/returns/min":-2.4138762950897217,"val-aux/c2rust/reward/std@2":0,"critic/rewards/mean":0.25425833463668823,"response_length/clip_ratio":0,"_step":39,"timing_s/testing":148.11611407902092,"_timestamp":1.7746095090019732e+09,"val-core/c2rust/reward/mean@3":0.014270156621932983,"timing_s/update_actor":25.06463414989412,"timing_s/old_log_prob":5.0585714019834995,"perf/max_memory_reserved_gb":58.474609375,"val-aux/c2rust/reward/worst@2/std":0.17402216491063185,"val-aux/c2rust/reward/worst@2/mean":-0.09832788082957268,"prompt_length/clip_ratio":0,"val-aux/c2rust/reward/worst@3/std":0.2535729397363133,"training/global_step":39,"critic/returns/mean":0.04466680437326431,"critic/returns/max":1.904419183731079,"val-core/c2rust/reward/best@3/mean":0.4013020867705345,"val-aux/c2rust/reward/best@2/mean":0.14572417043149472,"actor/grad_norm":1.0029296875,"actor/lr":1e-06,"val-aux/c2rust/reward/best@2/std":0.22369111603049013,"prompt_length/mean":1051.40625,"val-aux/c2rust/reward/worst@3/mean":-0.3350130190849304,"timing_s/reward":123.0225410470739,"critic/advantages/max":1.904419183731079,"timing_s/save_checkpoint":15.352396694011986,"critic/advantages/mean":0.04466680437326431,"actor/pg_loss":-0.20553732849657536,"global_seqlen/minmax_diff":3485,"actor/pg_clipfrac":0.0014336994026962202,"_wandb":{"runtime":7784},"prompt_length/max":1140,"perf/throughput":561.0279314361901,"global_seqlen/max":96751,"val-aux/c2rust/reward/mean@1":0.11863996000108072,"val-core/c2rust/reward/best@3/std":0.38776117406530075,"global_seqlen/mean":95158.5,"timing_per_token_ms/update_actor":0.06584969852901769,"_runtime":7784.020298978,"response_length/mean":435.4453125,"training/epoch":0,"timing_s/generate_sequences":11.852283477783203}