{"timing_s/testing":866.5301096802577,"critic/returns/min":-0.7071055173873901,"global_seqlen/mean":52114,"val-aux/c2rust/reward/std@3":0.04715128475152072,"global_seqlen/minmax_diff":286,"val-core/c2rust/reward/best@3/mean":0.726545007944107,"prompt_length/max":1266,"response_length/max":947,"perf/total_num_tokens":104228,"timing_s/old_log_prob":8.038203629665077,"timing_s/gen":25.42201109789312,"prompt_length/min":965,"val-aux/c2rust/reward/best@2/std":0.02472756035541231,"val-core/c2rust/reward/best@3/std":0.04509600280775316,"actor/pg_clipfrac_lower":0,"global_seqlen/balanced_min":52114,"perf/cpu_memory_used_gb":29.46208953857422,"critic/rewards/min":-0.1450985074043274,"timing_s/update_actor":24.61723249964416,"timing_s/generate_sequences":18.283084869384766,"val-aux/c2rust/reward/std@2":0,"critic/rewards/max":0.854946494102478,"critic/returns/mean":0.11009906232357025,"timing_s/reshard":4.580277919769287,"timing_s/adv":0.005077913403511047,"prompt_length/clip_ratio":0,"timing_s/step":1105.5336920004338,"actor/ppo_kl":-0.0001534757757326588,"val-core/c2rust/reward/mean@3":0.6882644891738892,"perf/time_per_step":1105.5336920004338,"_step":30,"response_length/min":11,"val-aux/c2rust/reward/worst@3/mean":0.658514892578125,"prompt_length/mean":1061.90625,"val-aux/c2rust/reward/best@2/mean":0.7836440050005913,"critic/rewards/mean":0.5147141218185425,"actor/lr":2e-05,"val-aux/c2rust/reward/worst@2/std":0.015955606648472606,"_wandb":{"runtime":37719},"actor/pg_loss":-0.363612849265337,"perf/mfu/actor":0.3246770712522691,"_timestamp":1.7743962465000436e+09,"val-aux/c2rust/reward/mean@2":0.854946494102478,"global_seqlen/max":52257,"training/global_step":30,"actor/grad_norm":0.07962578721344471,"critic/advantages/min":-0.7071055173873901,"critic/advantages/mean":0.11009906232357025,"timing_per_token_ms/adv":4.871928276001696e-05,"global_seqlen/balanced_max":52114,"val-aux/c2rust/reward/mean@1":0.4357262544839059,"val-aux/c2rust/reward/worst@3/std":0.01863512314235562,"actor/pg_clipfrac":0.001330759667325765,"critic/score/min":-0.1450985074043274,"actor/entropy":1.4751002788543701,"_runtime":37719.996603013,"critic/returns/max":0.7071055173873901,"critic/advantages/max":0.7071055173873901,"perf/max_memory_allocated_gb":58.44590997695923,"timing_s/save_checkpoint":29.377166104502976,"val-aux/c2rust/reward/worst@2/mean":0.7606839819848538,"perf/throughput":47.139223686345645,"perf/max_memory_reserved_gb":60.2734375,"timing_per_token_ms/update_actor":0.2361863654645984,"response_length/clip_ratio":0,"training/epoch":0,"critic/score/mean":0.5147141218185425,"timing_per_token_ms/gen":0.7009874565127976,"response_length/mean":566.65625,"critic/score/max":0.854946494102478,"timing_s/reward":151.52320256177336,"global_seqlen/min":51971}