{"train/lr(1e-3)":0,"_timestamp":1.7760438732757752e+09,"val/loss":0.06619257479906082,"_wandb":{"runtime":62600},"_runtime":62600.9900167,"_step":1870,"train/loss":0.02908516302704811}